"Alt","P1","P2","Q1","Q2","Q3","D1","D2","D3","L1","L2","L3"
"A1",0.454545454545455,0.571428571428571,0,0.2,0.454545454545455,0.333333333333333,0.5,0.5,0.5,0.4,0.6
"A2",0.909090909090909,0,0.272727272727273,0,0,0,0,0,0,0,0.2
"A3",0.151515151515152,1,0.727272727272727,0.8,0.909090909090909,1,1,0.5,0.5,0.6,0.8
"A4",0.606060606060606,0.285714285714286,0.454545454545455,0.666666666666667,0.727272727272727,0.666666666666667,0.5,0.5,1,0.8,1
"A5",0,0.714285714285714,1,1,1,1,1,1,0.75,0.6,1
"A6",1,0.428571428571428,0.090909090909091,0.133333333333333,0.272727272727273,0,0,0,0.25,1,0
